
DELETE FROM Compra     ;
DELETE FROM Boleto     ;
DELETE FROM Turista    ;
DELETE FROM Viaje       ;
DELETE FROM Servicio    ;
DELETE FROM Reparacion  ;
DELETE FROM Revision    ;
DELETE FROM Autobus     ;
DELETE FROM Conductor   ;
DELETE FROM Lugar       ;
DELETE FROM Ruta        ;

DBCC CHECKIDENT ('Compra', RESEED, 0); 
DBCC CHECKIDENT ('Boleto', RESEED, 0); 
DBCC CHECKIDENT ('Turista', RESEED, 0); 
DBCC CHECKIDENT ('Viaje', RESEED, 0); 
DBCC CHECKIDENT ('Servicio', RESEED, 0); 
DBCC CHECKIDENT ('Reparacion', RESEED, 0); 
DBCC CHECKIDENT ('Revision', RESEED, 0); 
DBCC CHECKIDENT ('Autobus', RESEED, 0); 
DBCC CHECKIDENT ('Conductor', RESEED, 0); 
DBCC CHECKIDENT ('Lugar', RESEED, 0); 
DBCC CHECKIDENT ('Ruta', RESEED, 0); 
SET NOCOUNT ON;
SET IDENTITY_INSERT [Turista] ON; 
INSERT INTO [dbo].[Turista] ([idTurista],dni, nombreCompleto, telefono) VALUES (1, '30054948', 'Carmen Vargas', '79624017');
INSERT INTO [dbo].[Turista] ([idTurista],dni, nombreCompleto, telefono) VALUES (2, '63675445', 'Roberto Rodríguez', '78007862');
INSERT INTO [dbo].[Turista] ([idTurista],dni, nombreCompleto, telefono) VALUES (3, '69071619', 'Rosa Pérez', '63424610');
INSERT INTO [dbo].[Turista] ([idTurista],dni, nombreCompleto, telefono) VALUES (4, '16722432', 'Jorge Fernández', '73925126');
INSERT INTO [dbo].[Turista] ([idTurista],dni, nombreCompleto, telefono) VALUES (5, '88524935', 'Juan Pérez', '67582124');
INSERT INTO [dbo].[Turista] ([idTurista],dni, nombreCompleto, telefono) VALUES (6, '86612420', 'Carlos Gómez', '70777972');
INSERT INTO [dbo].[Turista] ([idTurista],dni, nombreCompleto, telefono) VALUES (7, '16814008', 'Luis Morales', '62353288');
INSERT INTO [dbo].[Turista] ([idTurista],dni, nombreCompleto, telefono) VALUES (8, '44725273', 'Elena Castro', '79273312');
INSERT INTO [dbo].[Turista] ([idTurista],dni, nombreCompleto, telefono) VALUES (9, '44285723', 'Roberto Rodríguez', '61828777');
INSERT INTO [dbo].[Turista] ([idTurista],dni, nombreCompleto, telefono) VALUES (10,'33877321', 'Rosario Pérez', '77686881');
INSERT INTO [dbo].[Turista] ([idTurista],dni, nombreCompleto, telefono) VALUES (11,'28981889', 'Elena Castro', '76584456');
INSERT INTO [dbo].[Turista] ([idTurista],dni, nombreCompleto, telefono) VALUES (12,'71198406', 'María Pérez', '65570633');
INSERT INTO [dbo].[Turista] ([idTurista],dni, nombreCompleto, telefono) VALUES (13,'84566823', 'Luis Morales', '67102284');
INSERT INTO [dbo].[Turista] ([idTurista],dni, nombreCompleto, telefono) VALUES (14,'26019433', 'Luis Quispe', '61014290');
INSERT INTO [dbo].[Turista] ([idTurista],dni, nombreCompleto, telefono) VALUES (15,'94091996', 'Roberto Morales', '69699576');
INSERT INTO [dbo].[Turista] ([idTurista],dni, nombreCompleto, telefono) VALUES (16,'70978758', 'Carmen Vargas', '75302652');
INSERT INTO [dbo].[Turista] ([idTurista],dni, nombreCompleto, telefono) VALUES (17,'34886295', 'Elena Castro', '67263924');
INSERT INTO [dbo].[Turista] ([idTurista],dni, nombreCompleto, telefono) VALUES (18,'75934569', 'Laura Sánchez', '60690157');
INSERT INTO [dbo].[Turista] ([idTurista],dni, nombreCompleto, telefono) VALUES (19,'35850497', 'Jorge Fernández', '75054048');
INSERT INTO [dbo].[Turista] ([idTurista],dni, nombreCompleto, telefono) VALUES (20,'52758833', 'Elena Castro', '71442415');
SET IDENTITY_INSERT [Turista] OFF;
SET NOCOUNT ON;
SET IDENTITY_INSERT [Ruta] ON; 
INSERT INTO [dbo].[Ruta] ([idRuta],nombreRuta,  duracionAproximadaHoras, esMasAtractiva, kilometrosRecorrido) VALUES (1, 'Ruta La Paz - Oruro', 5, 1, 210.45);
INSERT INTO [dbo].[Ruta] ([idRuta],nombreRuta,  duracionAproximadaHoras, esMasAtractiva, kilometrosRecorrido) VALUES (2, 'Ruta Santa Cruz - Cochabamba', 6, 1, 300.75);
INSERT INTO [dbo].[Ruta] ([idRuta],nombreRuta,  duracionAproximadaHoras, esMasAtractiva, kilometrosRecorrido) VALUES (3, 'Ruta Sucre - Potosí', 3, 1, 154.32);
INSERT INTO [dbo].[Ruta] ([idRuta],nombreRuta,  duracionAproximadaHoras, esMasAtractiva, kilometrosRecorrido) VALUES (4, 'Ruta La Paz - Santa Cruz', 10, 1, 489.50);
INSERT INTO [dbo].[Ruta] ([idRuta],nombreRuta,  duracionAproximadaHoras, esMasAtractiva, kilometrosRecorrido) VALUES (5, 'Ruta Tarija - Sucre', 8, 1, 320.75);
INSERT INTO [dbo].[Ruta] ([idRuta],nombreRuta,  duracionAproximadaHoras, esMasAtractiva, kilometrosRecorrido) VALUES (6, 'Ruta Cochabamba - Oruro', 4, 1, 195.67);
INSERT INTO [dbo].[Ruta] ([idRuta],nombreRuta,  duracionAproximadaHoras, esMasAtractiva, kilometrosRecorrido) VALUES (7, 'Ruta Potosí - Uyuni', 3, 1, 110.12);
INSERT INTO [dbo].[Ruta] ([idRuta],nombreRuta,  duracionAproximadaHoras, esMasAtractiva, kilometrosRecorrido) VALUES (8, 'Ruta Trinidad - Santa Cruz', 9, 1, 420.78);
INSERT INTO [dbo].[Ruta] ([idRuta],nombreRuta,  duracionAproximadaHoras, esMasAtractiva, kilometrosRecorrido) VALUES (9, 'Ruta Cobija - Riberalta', 7, 1, 350.22);
INSERT INTO [dbo].[Ruta] ([idRuta],nombreRuta,  duracionAproximadaHoras, esMasAtractiva, kilometrosRecorrido) VALUES (10,'Ruta La Paz - Sucre', 11, 1, 460.15);
INSERT INTO [dbo].[Ruta] ([idRuta],nombreRuta,  duracionAproximadaHoras, esMasAtractiva, kilometrosRecorrido) VALUES (11,'Ruta Cochabamba - Tarija', 12, 1, 478.23);
INSERT INTO [dbo].[Ruta] ([idRuta],nombreRuta,  duracionAproximadaHoras, esMasAtractiva, kilometrosRecorrido) VALUES (12,'Ruta Santa Cruz - Potosí', 9, 1, 365.34);
INSERT INTO [dbo].[Ruta] ([idRuta],nombreRuta,  duracionAproximadaHoras, esMasAtractiva, kilometrosRecorrido) VALUES (13,'Ruta Oruro - Potosí', 5, 1, 180.25);
INSERT INTO [dbo].[Ruta] ([idRuta],nombreRuta,  duracionAproximadaHoras, esMasAtractiva, kilometrosRecorrido) VALUES (14,'Ruta Cochabamba - Sucre', 6, 1, 310.45);
INSERT INTO [dbo].[Ruta] ([idRuta],nombreRuta,  duracionAproximadaHoras, esMasAtractiva, kilometrosRecorrido) VALUES (15,'Ruta Tarija - Potosí', 8, 1, 325.67);
INSERT INTO [dbo].[Ruta] ([idRuta],nombreRuta,  duracionAproximadaHoras, esMasAtractiva, kilometrosRecorrido) VALUES (16,'Ruta Riberalta - Trinidad', 7, 1, 280.34);
INSERT INTO [dbo].[Ruta] ([idRuta],nombreRuta,  duracionAproximadaHoras, esMasAtractiva, kilometrosRecorrido) VALUES (17,'Ruta Uyuni - Potosí', 4, 1, 130.50);
INSERT INTO [dbo].[Ruta] ([idRuta],nombreRuta,  duracionAproximadaHoras, esMasAtractiva, kilometrosRecorrido) VALUES (18,'Ruta La Paz - Cochabamba', 7, 1, 370.22);
INSERT INTO [dbo].[Ruta] ([idRuta],nombreRuta,  duracionAproximadaHoras, esMasAtractiva, kilometrosRecorrido) VALUES (19,'Ruta Santa Cruz - Oruro', 8, 1, 400.90);
INSERT INTO [dbo].[Ruta] ([idRuta],nombreRuta,  duracionAproximadaHoras, esMasAtractiva, kilometrosRecorrido) VALUES (20,'Ruta Potosí - Sucre', 3, 1, 145.30);
SET IDENTITY_INSERT [Ruta] OFF;

SET NOCOUNT ON;
SET IDENTITY_INSERT [Conductor] ON; 
INSERT INTO [dbo].[Conductor] ([idConductor],[dni], [nombreCompleto], [telefono], [direccion]) VALUES (1, '33332222', 'Juan Perez', '4433333333', 'Zona norte villa dolores');
INSERT INTO [dbo].[Conductor] ([idConductor],[dni], [nombreCompleto], [telefono], [direccion]) VALUES (2, '44445555', 'Pedro García', '4444555566', 'Avenida América #1234');
INSERT INTO [dbo].[Conductor] ([idConductor],[dni], [nombreCompleto], [telefono], [direccion]) VALUES (3, '55556666', 'Ana Torres', '5555666777', 'Calle Sucre #456');
INSERT INTO [dbo].[Conductor] ([idConductor],[dni], [nombreCompleto], [telefono], [direccion]) VALUES (4, '66667777', 'Luis Fernández', '6666777788', 'Zona Central, La Paz');
INSERT INTO [dbo].[Conductor] ([idConductor],[dni], [nombreCompleto], [telefono], [direccion]) VALUES (5, '77778888', 'María Sánchez', '7777888899', 'Calle Bolívar #789');
INSERT INTO [dbo].[Conductor] ([idConductor],[dni], [nombreCompleto], [telefono], [direccion]) VALUES (6, '88889999', 'Carlos Díaz', '8888999900', 'Zona Sur, Cochabamba');
INSERT INTO [dbo].[Conductor] ([idConductor],[dni], [nombreCompleto], [telefono], [direccion]) VALUES (7, '99990000', 'Rosa Ramírez', '9999000011', 'Avenida Arce #321');
INSERT INTO [dbo].[Conductor] ([idConductor],[dni], [nombreCompleto], [telefono], [direccion]) VALUES (8, '11112222', 'Claudia López', '1111222233', 'Villa Fátima, El Alto');
INSERT INTO [dbo].[Conductor] ([idConductor],[dni], [nombreCompleto], [telefono], [direccion]) VALUES (9, '22223333', 'José Castro', '2222333344', 'Zona Pampa, Sucre');
INSERT INTO [dbo].[Conductor] ([idConductor],[dni], [nombreCompleto], [telefono], [direccion]) VALUES (10,'33334444', 'Elena Morales', '3333444455', 'Calle 16 de Julio #654');
INSERT INTO [dbo].[Conductor] ([idConductor],[dni], [nombreCompleto], [telefono], [direccion]) VALUES (11,'44446666', 'Roberto Gutiérrez', '4444666677', 'Avenida 6 de Agosto #789');
INSERT INTO [dbo].[Conductor] ([idConductor],[dni], [nombreCompleto], [telefono], [direccion]) VALUES (12,'55557777', 'Sandra Vargas', '5555777788', 'Calle Illimani #222');
INSERT INTO [dbo].[Conductor] ([idConductor],[dni], [nombreCompleto], [telefono], [direccion]) VALUES (13,'66668888', 'Fernando Pérez', '6666888899', 'Zona Miraflores, Oruro');
INSERT INTO [dbo].[Conductor] ([idConductor],[dni], [nombreCompleto], [telefono], [direccion]) VALUES (14,'77779999', 'Lucía Rojas', '7777999900', 'Calle Libertad #111');
INSERT INTO [dbo].[Conductor] ([idConductor],[dni], [nombreCompleto], [telefono], [direccion]) VALUES (15,'88880000', 'Alberto Flores', '8888000011', 'Zona Central, Tarija');
INSERT INTO [dbo].[Conductor] ([idConductor],[dni], [nombreCompleto], [telefono], [direccion]) VALUES (16,'99991111', 'Patricia González', '9999111122', 'Avenida Landaeta #567');
INSERT INTO [dbo].[Conductor] ([idConductor],[dni], [nombreCompleto], [telefono], [direccion]) VALUES (17,'11110000', 'Esteban Aguilar', '1111000011', 'Villa Tunari, Chapare');
INSERT INTO [dbo].[Conductor] ([idConductor],[dni], [nombreCompleto], [telefono], [direccion]) VALUES (18,'22224444', 'Sofía Quiroga', '2222444455', 'Calle Potosí #333');
INSERT INTO [dbo].[Conductor] ([idConductor],[dni], [nombreCompleto], [telefono], [direccion]) VALUES (19,'33336666', 'Diego Mendoza', '3333666677', 'Zona Norte, Pando');
INSERT INTO [dbo].[Conductor] ([idConductor],[dni], [nombreCompleto], [telefono], [direccion]) VALUES (20,'44447777', 'Inés Álvarez', '4444777788', 'Calle Colón #444');
SET IDENTITY_INSERT [Conductor] OFF;

SET NOCOUNT ON;
SET IDENTITY_INSERT [Autobus] ON; 

INSERT INTO [Autobus] ([idAutobus],[matricula], [modelo], [fabricante], [numeroPlazas], [caracteristicas]) VALUES (1, 'ABC123', 'Sprinter', 'Mercedes-Benz', 20, 'Aire acondicionado, Asientos reclinables');
INSERT INTO [Autobus] ([idAutobus],[matricula], [modelo], [fabricante], [numeroPlazas], [caracteristicas]) VALUES (2, 'DEF456', 'Hiace', 'Toyota', 15, 'Asientos de cuero, Climatizador');
INSERT INTO [Autobus] ([idAutobus],[matricula], [modelo], [fabricante], [numeroPlazas], [caracteristicas]) VALUES (3, 'GHI789', 'Transit', 'Ford', 18, 'Ventanas panorámicas, Wi-Fi');
INSERT INTO [Autobus] ([idAutobus],[matricula], [modelo], [fabricante], [numeroPlazas], [caracteristicas]) VALUES (4, 'JKL012', 'Coaster', 'Toyota', 24, 'Asientos reclinables, Pantallas de entretenimiento');
INSERT INTO [Autobus] ([idAutobus],[matricula], [modelo], [fabricante], [numeroPlazas], [caracteristicas]) VALUES (5, 'MNO345', 'Daily', 'Iveco', 30, 'Conectores USB, Luz individual');
INSERT INTO [Autobus] ([idAutobus],[matricula], [modelo], [fabricante], [numeroPlazas], [caracteristicas]) VALUES (6, 'PQR678', 'Sirius', 'Volkswagen', 35, 'Aire acondicionado, Wi-Fi');
INSERT INTO [Autobus] ([idAutobus],[matricula], [modelo], [fabricante], [numeroPlazas], [caracteristicas]) VALUES (7, 'STU901', 'Econoline', 'Ford', 12, 'Espacio para equipaje, Ventanas polarizadas');
INSERT INTO [Autobus] ([idAutobus],[matricula], [modelo], [fabricante], [numeroPlazas], [caracteristicas]) VALUES (8, 'VWX234', 'Sprinter', 'Mercedes-Benz', 28, 'Climatizador, Pantallas de entretenimiento');
INSERT INTO [Autobus] ([idAutobus],[matricula], [modelo], [fabricante], [numeroPlazas], [caracteristicas]) VALUES (9, 'YZA567', 'Hiace', 'Toyota', 22, 'Asientos reclinables, Luz individual');
INSERT INTO [Autobus] ([idAutobus],[matricula], [modelo], [fabricante], [numeroPlazas], [caracteristicas]) VALUES (10,'BCD890', 'Transit', 'Ford', 16, 'Wi-Fi, Asientos de cuero');
INSERT INTO [Autobus] ([idAutobus],[matricula], [modelo], [fabricante], [numeroPlazas], [caracteristicas]) VALUES (11,'EFG123', 'Coaster', 'Toyota', 20, 'Aire acondicionado, Pantallas de entretenimiento');
INSERT INTO [Autobus] ([idAutobus],[matricula], [modelo], [fabricante], [numeroPlazas], [caracteristicas]) VALUES (12,'HIJ456', 'Daily', 'Iveco', 24, 'Conectores USB, Asientos reclinables');
INSERT INTO [Autobus] ([idAutobus],[matricula], [modelo], [fabricante], [numeroPlazas], [caracteristicas]) VALUES (13,'KLM789', 'Sirius', 'Volkswagen', 18, 'Luz individual, Ventanas panorámicas');
INSERT INTO [Autobus] ([idAutobus],[matricula], [modelo], [fabricante], [numeroPlazas], [caracteristicas]) VALUES (14,'NOP012', 'Sprinter', 'Mercedes-Benz', 26, 'Aire acondicionado, Wi-Fi');
INSERT INTO [Autobus] ([idAutobus],[matricula], [modelo], [fabricante], [numeroPlazas], [caracteristicas]) VALUES (15,'QRS345', 'Hiace', 'Toyota', 14, 'Asientos de cuero, Espacio para equipaje');
INSERT INTO [Autobus] ([idAutobus],[matricula], [modelo], [fabricante], [numeroPlazas], [caracteristicas]) VALUES (16,'TUV678', 'Transit', 'Ford', 20, 'Climatizador, Luz individual');
INSERT INTO [Autobus] ([idAutobus],[matricula], [modelo], [fabricante], [numeroPlazas], [caracteristicas]) VALUES (17,'WXY901', 'Coaster', 'Toyota', 25, 'Pantallas de entretenimiento, Conectores USB');
INSERT INTO [Autobus] ([idAutobus],[matricula], [modelo], [fabricante], [numeroPlazas], [caracteristicas]) VALUES (18,'ZAB234', 'Daily', 'Iveco', 32, 'Wi-Fi, Aire acondicionado');
INSERT INTO [Autobus] ([idAutobus],[matricula], [modelo], [fabricante], [numeroPlazas], [caracteristicas]) VALUES (19,'CDE567', 'Sirius', 'Volkswagen', 22, 'Asientos reclinables, Luz individual');
INSERT INTO [Autobus] ([idAutobus],[matricula], [modelo], [fabricante], [numeroPlazas], [caracteristicas]) VALUES (20,'FGH890', 'Sprinter', 'Mercedes-Benz', 27, 'Aire acondicionado, Ventanas panorámicas');

SET IDENTITY_INSERT [Autobus] OFF;
SET NOCOUNT ON;
SET IDENTITY_INSERT [Revision] ON; 
INSERT INTO [Revision] ([idRevision],[idAutobus], [fechaRevision], [diagnostico],[costoRevision]) VALUES (1, 1, '2024-01-05', 'Cambio de aceite, revisión de frenos',30.00);
INSERT INTO [Revision] ([idRevision],[idAutobus], [fechaRevision], [diagnostico],[costoRevision]) VALUES (2, 2, '2024-02-10', 'Revisión del motor, ajuste de embrague',40.00);
INSERT INTO [Revision] ([idRevision],[idAutobus], [fechaRevision], [diagnostico],[costoRevision]) VALUES (3, 3, '2024-03-12', 'Cambio de neumáticos, alineación y balanceo',50.00);
INSERT INTO [Revision] ([idRevision],[idAutobus], [fechaRevision], [diagnostico],[costoRevision]) VALUES (4, 4, '2024-04-15', 'Revisión de frenos, ajuste de suspensión',10.00);
INSERT INTO [Revision] ([idRevision],[idAutobus], [fechaRevision], [diagnostico],[costoRevision]) VALUES (5, 5, '2024-05-20', 'Cambio de aceite, revisión de luces',12.00);
INSERT INTO [Revision] ([idRevision],[idAutobus], [fechaRevision], [diagnostico],[costoRevision]) VALUES (6, 6, '2024-06-25', 'Revisión del sistema eléctrico, ajuste de frenos',20.00);
INSERT INTO [Revision] ([idRevision],[idAutobus], [fechaRevision], [diagnostico],[costoRevision]) VALUES (7, 7, '2024-07-30', 'Revisión de motor, cambio de filtros de aire',120.00);
INSERT INTO [Revision] ([idRevision],[idAutobus], [fechaRevision], [diagnostico],[costoRevision]) VALUES (8, 8, '2024-08-12', 'Cambio de aceite, ajuste de neumáticos',203.00);
INSERT INTO [Revision] ([idRevision],[idAutobus], [fechaRevision], [diagnostico],[costoRevision]) VALUES (9, 9, '2024-09-05', 'Revisión de suspensión, ajuste de frenos',10.00);
INSERT INTO [Revision] ([idRevision],[idAutobus], [fechaRevision], [diagnostico],[costoRevision]) VALUES (10,10, '2024-10-18', 'Cambio de frenos, revisión del sistema de aire',15.00);
INSERT INTO [Revision] ([idRevision],[idAutobus], [fechaRevision], [diagnostico],[costoRevision]) VALUES (11,11, '2024-01-08', 'Revisión del motor, ajuste de dirección',22.00);
INSERT INTO [Revision] ([idRevision],[idAutobus], [fechaRevision], [diagnostico],[costoRevision]) VALUES (12,12, '2024-02-22', 'Cambio de aceite, revisión de neumáticos',20.25);
INSERT INTO [Revision] ([idRevision],[idAutobus], [fechaRevision], [diagnostico],[costoRevision]) VALUES (13,13, '2024-03-19', 'Ajuste de frenos, cambio de pastillas',20.10);
INSERT INTO [Revision] ([idRevision],[idAutobus], [fechaRevision], [diagnostico],[costoRevision]) VALUES (14,14, '2024-04-27', 'Revisión de luces, ajuste de suspensión',20.00);
INSERT INTO [Revision] ([idRevision],[idAutobus], [fechaRevision], [diagnostico],[costoRevision]) VALUES (15,15, '2024-05-30', 'Cambio de aceite, revisión de frenos',80.00);
INSERT INTO [Revision] ([idRevision],[idAutobus], [fechaRevision], [diagnostico],[costoRevision]) VALUES (16,16, '2024-06-11', 'Revisión del motor, cambio de filtros',70.00);
INSERT INTO [Revision] ([idRevision],[idAutobus], [fechaRevision], [diagnostico],[costoRevision]) VALUES (17,17, '2024-07-25', 'Cambio de neumáticos, alineación y balanceo',120.00);
INSERT INTO [Revision] ([idRevision],[idAutobus], [fechaRevision], [diagnostico],[costoRevision]) VALUES (18,18, '2024-08-20', 'Revisión de frenos, ajuste de suspensión',810.00);
INSERT INTO [Revision] ([idRevision],[idAutobus], [fechaRevision], [diagnostico],[costoRevision]) VALUES (19,19, '2024-09-10', 'Cambio de aceite, revisión de luces',56.00);
INSERT INTO [Revision] ([idRevision],[idAutobus], [fechaRevision], [diagnostico],[costoRevision]) VALUES (20,20, '2024-10-15', 'Revisión del sistema eléctrico, ajuste de frenos',76.00);
SET IDENTITY_INSERT [Revision] OFF;
SET NOCOUNT ON;
SET IDENTITY_INSERT [Reparacion] ON; 
INSERT INTO [Reparacion] ([idReparacion],[idRevision], [codigoReparacion], [tiempoEmpleado], [comentarioReparacion],[costoReparacion]) VALUES (1, 1, 'REP001', 4, 'Cambio de pastillas de freno',120.00);
INSERT INTO [Reparacion] ([idReparacion],[idRevision], [codigoReparacion], [tiempoEmpleado], [comentarioReparacion],[costoReparacion]) VALUES (2, 2, 'REP002', 6, 'Ajuste de embrague y revisión del motor',130.00);
INSERT INTO [Reparacion] ([idReparacion],[idRevision], [codigoReparacion], [tiempoEmpleado], [comentarioReparacion],[costoReparacion]) VALUES (3, 3, 'REP003', 3, 'Cambio de neumáticos y balanceo',170.00);
INSERT INTO [Reparacion] ([idReparacion],[idRevision], [codigoReparacion], [tiempoEmpleado], [comentarioReparacion],[costoReparacion]) VALUES (4, 4, 'REP004', 5, 'Ajuste de suspensión y revisión de frenos',190.00);
INSERT INTO [Reparacion] ([idReparacion],[idRevision], [codigoReparacion], [tiempoEmpleado], [comentarioReparacion],[costoReparacion]) VALUES (5, 5, 'REP005', 7, 'Revisión del sistema eléctrico',220.00);
INSERT INTO [Reparacion] ([idReparacion],[idRevision], [codigoReparacion], [tiempoEmpleado], [comentarioReparacion],[costoReparacion]) VALUES (6, 6, 'REP006', 8, 'Cambio de aceite y ajuste de motor',320.00);
INSERT INTO [Reparacion] ([idReparacion],[idRevision], [codigoReparacion], [tiempoEmpleado], [comentarioReparacion],[costoReparacion]) VALUES (7, 7, 'REP007', 4, 'Cambio de frenos y revisión del sistema de aire',420.00);
INSERT INTO [Reparacion] ([idReparacion],[idRevision], [codigoReparacion], [tiempoEmpleado], [comentarioReparacion],[costoReparacion]) VALUES (8, 8, 'REP008', 6, 'Ajuste de dirección y cambio de filtros',150.00);
INSERT INTO [Reparacion] ([idReparacion],[idRevision], [codigoReparacion], [tiempoEmpleado], [comentarioReparacion],[costoReparacion]) VALUES (9, 9, 'REP009', 3, 'Cambio de aceite y ajuste de neumáticos',520.00);
INSERT INTO [Reparacion] ([idReparacion],[idRevision], [codigoReparacion], [tiempoEmpleado], [comentarioReparacion],[costoReparacion]) VALUES (10,10, 'REP010', 5, 'Revisión de frenos y ajuste de suspensión',20.00);
INSERT INTO [Reparacion] ([idReparacion],[idRevision], [codigoReparacion], [tiempoEmpleado], [comentarioReparacion],[costoReparacion]) VALUES (11,11, 'REP011', 6, 'Cambio de frenos y revisión de luces',180.00);
INSERT INTO [Reparacion] ([idReparacion],[idRevision], [codigoReparacion], [tiempoEmpleado], [comentarioReparacion],[costoReparacion]) VALUES (12,12, 'REP012', 4, 'Ajuste de suspensión y cambio de aceite',920.00);
INSERT INTO [Reparacion] ([idReparacion],[idRevision], [codigoReparacion], [tiempoEmpleado], [comentarioReparacion],[costoReparacion]) VALUES (13,13, 'REP013', 7, 'Revisión del motor y cambio de pastillas de freno',20.00);
INSERT INTO [Reparacion] ([idReparacion],[idRevision], [codigoReparacion], [tiempoEmpleado], [comentarioReparacion],[costoReparacion]) VALUES (14,14, 'REP014', 5, 'Ajuste de embrague y cambio de aceite',10.00);
INSERT INTO [Reparacion] ([idReparacion],[idRevision], [codigoReparacion], [tiempoEmpleado], [comentarioReparacion],[costoReparacion]) VALUES (15,15, 'REP015', 4, 'Revisión del sistema eléctrico y ajuste de frenos',12.00);
INSERT INTO [Reparacion] ([idReparacion],[idRevision], [codigoReparacion], [tiempoEmpleado], [comentarioReparacion],[costoReparacion]) VALUES (16,16, 'REP016', 6, 'Cambio de aceite y ajuste de motor',120.00);
INSERT INTO [Reparacion] ([idReparacion],[idRevision], [codigoReparacion], [tiempoEmpleado], [comentarioReparacion],[costoReparacion]) VALUES (17,17, 'REP017', 8, 'Ajuste de suspensión y cambio de neumáticos',220.00);
INSERT INTO [Reparacion] ([idReparacion],[idRevision], [codigoReparacion], [tiempoEmpleado], [comentarioReparacion],[costoReparacion]) VALUES (18,18, 'REP018', 5, 'Revisión de frenos y cambio de pastillas',160.00);
INSERT INTO [Reparacion] ([idReparacion],[idRevision], [codigoReparacion], [tiempoEmpleado], [comentarioReparacion],[costoReparacion]) VALUES (19,19, 'REP019', 7, 'Ajuste de embrague y revisión del motor',180.00);
INSERT INTO [Reparacion] ([idReparacion],[idRevision], [codigoReparacion], [tiempoEmpleado], [comentarioReparacion],[costoReparacion]) VALUES (20,20, 'REP020', 4, 'Cambio de filtros y ajuste de dirección',190.00);
SET IDENTITY_INSERT [Reparacion] OFF;
SET NOCOUNT ON;
SET IDENTITY_INSERT [Lugar] ON; 
INSERT INTO [Lugar] ([idLugar],[idRuta], [nombreLugar], [horaPrevistaLlegada], [actividad], [tiempoParadaHoras]) VALUES (1, 1, 'Salar de Uyuni', '10:00:00', 'Visita', 2);
INSERT INTO [Lugar] ([idLugar],[idRuta], [nombreLugar], [horaPrevistaLlegada], [actividad], [tiempoParadaHoras]) VALUES (2, 1, 'Isla Incahuasi', '14:00:00', 'Visita', 3);
INSERT INTO [Lugar] ([idLugar],[idRuta], [nombreLugar], [horaPrevistaLlegada], [actividad], [tiempoParadaHoras]) VALUES (3, 2, 'La Paz', '09:00:00', 'Comer', 1);
INSERT INTO [Lugar] ([idLugar],[idRuta], [nombreLugar], [horaPrevistaLlegada], [actividad], [tiempoParadaHoras]) VALUES (4, 2, 'Mercado de las Brujas', '11:00:00', 'Visita', 2);
INSERT INTO [Lugar] ([idLugar],[idRuta], [nombreLugar], [horaPrevistaLlegada], [actividad], [tiempoParadaHoras]) VALUES (5, 3, 'Copacabana', '10:30:00', 'Comer', 1);
INSERT INTO [Lugar] ([idLugar],[idRuta], [nombreLugar], [horaPrevistaLlegada], [actividad], [tiempoParadaHoras]) VALUES (6, 3, 'Isla del Sol', '13:00:00', 'Visita', 3);
INSERT INTO [Lugar] ([idLugar],[idRuta], [nombreLugar], [horaPrevistaLlegada], [actividad], [tiempoParadaHoras]) VALUES (7, 4, 'Potosí', '08:00:00', 'Visita', 2);
INSERT INTO [Lugar] ([idLugar],[idRuta], [nombreLugar], [horaPrevistaLlegada], [actividad], [tiempoParadaHoras]) VALUES (8, 5, 'Sucre', '09:30:00', 'Comer', 1);
INSERT INTO [Lugar] ([idLugar],[idRuta], [nombreLugar], [horaPrevistaLlegada], [actividad], [tiempoParadaHoras]) VALUES (9, 6, 'Tiwanaku', '10:00:00', 'Visita', 2);
INSERT INTO [Lugar] ([idLugar],[idRuta], [nombreLugar], [horaPrevistaLlegada], [actividad], [tiempoParadaHoras]) VALUES (10,7, 'Laguna Verde', '11:00:00', 'Visita', 3);
INSERT INTO [Lugar] ([idLugar],[idRuta], [nombreLugar], [horaPrevistaLlegada], [actividad], [tiempoParadaHoras]) VALUES (11,8, 'Coroico', '09:00:00', 'Comer', 1);
INSERT INTO [Lugar] ([idLugar],[idRuta], [nombreLugar], [horaPrevistaLlegada], [actividad], [tiempoParadaHoras]) VALUES (12,9, 'Yungas', '12:00:00', 'Visita', 2);
INSERT INTO [Lugar] ([idLugar],[idRuta], [nombreLugar], [horaPrevistaLlegada], [actividad], [tiempoParadaHoras]) VALUES (13,10, 'Oruro', '09:30:00', 'Comer', 1);
INSERT INTO [Lugar] ([idLugar],[idRuta], [nombreLugar], [horaPrevistaLlegada], [actividad], [tiempoParadaHoras]) VALUES (14,11, 'Santa Cruz', '10:00:00', 'Visita', 2);
INSERT INTO [Lugar] ([idLugar],[idRuta], [nombreLugar], [horaPrevistaLlegada], [actividad], [tiempoParadaHoras]) VALUES (15,12, 'Parque Nacional Amboró', '11:00:00', 'Visita', 3);
INSERT INTO [Lugar] ([idLugar],[idRuta], [nombreLugar], [horaPrevistaLlegada], [actividad], [tiempoParadaHoras]) VALUES (16,13, 'Rurrenabaque', '12:30:00', 'Visita', 2);
INSERT INTO [Lugar] ([idLugar],[idRuta], [nombreLugar], [horaPrevistaLlegada], [actividad], [tiempoParadaHoras]) VALUES (17,14, 'Madidi', '14:00:00', 'Visita', 3);
INSERT INTO [Lugar] ([idLugar],[idRuta], [nombreLugar], [horaPrevistaLlegada], [actividad], [tiempoParadaHoras]) VALUES (18,15, 'Titicaca', '09:00:00', 'Comer', 1);
INSERT INTO [Lugar] ([idLugar],[idRuta], [nombreLugar], [horaPrevistaLlegada], [actividad], [tiempoParadaHoras]) VALUES (19,16, 'Cochabamba', '10:30:00', 'Visita', 2);
INSERT INTO [Lugar] ([idLugar],[idRuta], [nombreLugar], [horaPrevistaLlegada], [actividad], [tiempoParadaHoras]) VALUES (20,17, 'Valle de la Luna', '11:30:00', 'Visita', 2);
INSERT INTO [Lugar] ([idLugar],[idRuta], [nombreLugar], [horaPrevistaLlegada], [actividad], [tiempoParadaHoras]) VALUES (21,18, 'Tarija', '09:00:00', 'Comer', 1);
INSERT INTO [Lugar] ([idLugar],[idRuta], [nombreLugar], [horaPrevistaLlegada], [actividad], [tiempoParadaHoras]) VALUES (22,19, 'Chacaltaya', '10:00:00', 'Visita', 2);
INSERT INTO [Lugar] ([idLugar],[idRuta], [nombreLugar], [horaPrevistaLlegada], [actividad], [tiempoParadaHoras]) VALUES (23,20, 'Parque Nacional Sajama', '12:00:00', 'Visita', 3);
SET IDENTITY_INSERT [Lugar] OFF;

SET NOCOUNT ON;
SET IDENTITY_INSERT [Servicio] ON; 
INSERT INTO [Servicio] ([idServicio],[idRuta], [idConductor], [idAutobus],[tarifaTransporte] ,[tarifaActividadTuristica], [horaSalida], [horaLlegadaEstimada], [esServicioDiario], [lunes], [martes], [miercoles], [jueves], [viernes], [sabado], [domingo], [esParaDiaFestivo]) VALUES (1, 1, 1, 1,120.00,280.00, '08:00:00', '10:00:00', 1, 1, 1, 0, 0, 0, 0, 0, 0);
INSERT INTO [Servicio] ([idServicio],[idRuta], [idConductor], [idAutobus],[tarifaTransporte] ,[tarifaActividadTuristica], [horaSalida], [horaLlegadaEstimada], [esServicioDiario], [lunes], [martes], [miercoles], [jueves], [viernes], [sabado], [domingo], [esParaDiaFestivo]) VALUES (2, 2, 2, 2,10.00,280.00, '09:00:00', '11:00:00', 1, 1, 0, 1, 1, 0, 0, 0, 0);
INSERT INTO [Servicio] ([idServicio],[idRuta], [idConductor], [idAutobus],[tarifaTransporte] ,[tarifaActividadTuristica], [horaSalida], [horaLlegadaEstimada], [esServicioDiario], [lunes], [martes], [miercoles], [jueves], [viernes], [sabado], [domingo], [esParaDiaFestivo]) VALUES (3, 3, 3, 3,20.00,270.00, '10:00:00', '12:00:00', 1, 0, 1, 1, 0, 0, 0, 0, 0);
INSERT INTO [Servicio] ([idServicio],[idRuta], [idConductor], [idAutobus],[tarifaTransporte] ,[tarifaActividadTuristica], [horaSalida], [horaLlegadaEstimada], [esServicioDiario], [lunes], [martes], [miercoles], [jueves], [viernes], [sabado], [domingo], [esParaDiaFestivo]) VALUES (4, 4, 4, 4,30.00,260.00, '11:00:00', '13:00:00', 1, 1, 1, 0, 0, 1, 0, 0, 0);
INSERT INTO [Servicio] ([idServicio],[idRuta], [idConductor], [idAutobus],[tarifaTransporte] ,[tarifaActividadTuristica], [horaSalida], [horaLlegadaEstimada], [esServicioDiario], [lunes], [martes], [miercoles], [jueves], [viernes], [sabado], [domingo], [esParaDiaFestivo]) VALUES (5, 5, 5, 5,40.00,250.00, '12:00:00', '14:00:00', 1, 0, 1, 0, 1, 0, 0, 0, 0);
INSERT INTO [Servicio] ([idServicio],[idRuta], [idConductor], [idAutobus],[tarifaTransporte] ,[tarifaActividadTuristica], [horaSalida], [horaLlegadaEstimada], [esServicioDiario], [lunes], [martes], [miercoles], [jueves], [viernes], [sabado], [domingo], [esParaDiaFestivo]) VALUES (6, 6, 6, 6,50.00,240.00, '13:00:00', '15:00:00', 1, 0, 0, 1, 1, 0, 1, 0, 0);
INSERT INTO [Servicio] ([idServicio],[idRuta], [idConductor], [idAutobus],[tarifaTransporte] ,[tarifaActividadTuristica], [horaSalida], [horaLlegadaEstimada], [esServicioDiario], [lunes], [martes], [miercoles], [jueves], [viernes], [sabado], [domingo], [esParaDiaFestivo]) VALUES (7, 7, 7, 7,60.00,230.00, '14:00:00', '16:00:00', 1, 1, 0, 0, 1, 1, 0, 0, 0);
INSERT INTO [Servicio] ([idServicio],[idRuta], [idConductor], [idAutobus],[tarifaTransporte] ,[tarifaActividadTuristica], [horaSalida], [horaLlegadaEstimada], [esServicioDiario], [lunes], [martes], [miercoles], [jueves], [viernes], [sabado], [domingo], [esParaDiaFestivo]) VALUES (8, 8, 8, 8,70.00,220.00, '15:00:00', '17:00:00', 1, 0, 1, 1, 0, 0, 1, 0, 0);
INSERT INTO [Servicio] ([idServicio],[idRuta], [idConductor], [idAutobus],[tarifaTransporte] ,[tarifaActividadTuristica], [horaSalida], [horaLlegadaEstimada], [esServicioDiario], [lunes], [martes], [miercoles], [jueves], [viernes], [sabado], [domingo], [esParaDiaFestivo]) VALUES (9, 9, 9, 9,80.00,210.00, '16:00:00', '18:00:00', 1, 1, 0, 1, 0, 0, 0, 0, 0);
INSERT INTO [Servicio] ([idServicio],[idRuta], [idConductor], [idAutobus],[tarifaTransporte] ,[tarifaActividadTuristica], [horaSalida], [horaLlegadaEstimada], [esServicioDiario], [lunes], [martes], [miercoles], [jueves], [viernes], [sabado], [domingo], [esParaDiaFestivo]) VALUES (10,10, 10, 10,110.00,230.00, '17:00:00', '19:00:00', 1, 0, 1, 0, 1, 0, 0, 0, 0);
INSERT INTO [Servicio] ([idServicio],[idRuta], [idConductor], [idAutobus],[tarifaTransporte] ,[tarifaActividadTuristica], [horaSalida], [horaLlegadaEstimada], [esServicioDiario], [lunes], [martes], [miercoles], [jueves], [viernes], [sabado], [domingo], [esParaDiaFestivo]) VALUES (11,11, 11, 11,210.00,210.00, '08:30:00', '10:30:00', 1, 1, 1, 0, 0, 0, 0, 0, 0);
INSERT INTO [Servicio] ([idServicio],[idRuta], [idConductor], [idAutobus],[tarifaTransporte] ,[tarifaActividadTuristica], [horaSalida], [horaLlegadaEstimada], [esServicioDiario], [lunes], [martes], [miercoles], [jueves], [viernes], [sabado], [domingo], [esParaDiaFestivo]) VALUES (12,12, 12, 12,310.00,290.00, '09:30:00', '11:30:00', 1, 1, 0, 1, 0, 1, 0, 0, 0);
INSERT INTO [Servicio] ([idServicio],[idRuta], [idConductor], [idAutobus],[tarifaTransporte] ,[tarifaActividadTuristica], [horaSalida], [horaLlegadaEstimada], [esServicioDiario], [lunes], [martes], [miercoles], [jueves], [viernes], [sabado], [domingo], [esParaDiaFestivo]) VALUES (13,13, 13, 13,410.00,280.00, '10:30:00', '12:30:00', 1, 0, 1, 1, 0, 0, 0, 0, 0);
INSERT INTO [Servicio] ([idServicio],[idRuta], [idConductor], [idAutobus],[tarifaTransporte] ,[tarifaActividadTuristica], [horaSalida], [horaLlegadaEstimada], [esServicioDiario], [lunes], [martes], [miercoles], [jueves], [viernes], [sabado], [domingo], [esParaDiaFestivo]) VALUES (14,14, 14, 14,510.00,270.00, '11:30:00', '13:30:00', 1, 0, 0, 1, 1, 0, 1, 0, 0);
INSERT INTO [Servicio] ([idServicio],[idRuta], [idConductor], [idAutobus],[tarifaTransporte] ,[tarifaActividadTuristica], [horaSalida], [horaLlegadaEstimada], [esServicioDiario], [lunes], [martes], [miercoles], [jueves], [viernes], [sabado], [domingo], [esParaDiaFestivo]) VALUES (15,15, 15, 15,610.00,260.00, '12:30:00', '14:30:00', 1, 1, 1, 0, 0, 0, 0, 0, 0);
INSERT INTO [Servicio] ([idServicio],[idRuta], [idConductor], [idAutobus],[tarifaTransporte] ,[tarifaActividadTuristica], [horaSalida], [horaLlegadaEstimada], [esServicioDiario], [lunes], [martes], [miercoles], [jueves], [viernes], [sabado], [domingo], [esParaDiaFestivo]) VALUES (16,16, 16, 16,710.00,250.00, '13:30:00', '15:30:00', 1, 1, 0, 1, 0, 0, 0, 0, 0);
INSERT INTO [Servicio] ([idServicio],[idRuta], [idConductor], [idAutobus],[tarifaTransporte] ,[tarifaActividadTuristica], [horaSalida], [horaLlegadaEstimada], [esServicioDiario], [lunes], [martes], [miercoles], [jueves], [viernes], [sabado], [domingo], [esParaDiaFestivo]) VALUES (17,17, 17, 17,810.00,240.00, '14:30:00', '16:30:00', 1, 0, 1, 1, 0, 0, 0, 0, 0);
INSERT INTO [Servicio] ([idServicio],[idRuta], [idConductor], [idAutobus],[tarifaTransporte] ,[tarifaActividadTuristica], [horaSalida], [horaLlegadaEstimada], [esServicioDiario], [lunes], [martes], [miercoles], [jueves], [viernes], [sabado], [domingo], [esParaDiaFestivo]) VALUES (18,18, 18, 18,910.00,230.00, '15:30:00', '17:30:00', 1, 0, 1, 0, 1, 0, 0, 0, 0);
INSERT INTO [Servicio] ([idServicio],[idRuta], [idConductor], [idAutobus],[tarifaTransporte] ,[tarifaActividadTuristica], [horaSalida], [horaLlegadaEstimada], [esServicioDiario], [lunes], [martes], [miercoles], [jueves], [viernes], [sabado], [domingo], [esParaDiaFestivo]) VALUES (19,19, 19, 19,110.00,220.00, '16:30:00', '18:30:00', 1, 1, 0, 0, 1, 1, 0, 0, 0);
INSERT INTO [Servicio] ([idServicio],[idRuta], [idConductor], [idAutobus],[tarifaTransporte] ,[tarifaActividadTuristica], [horaSalida], [horaLlegadaEstimada], [esServicioDiario], [lunes], [martes], [miercoles], [jueves], [viernes], [sabado], [domingo], [esParaDiaFestivo]) VALUES (20,20, 20, 20,110.00,210.00, '17:30:00', '19:30:00', 1, 1, 0, 1, 0, 0, 1, 0, 0);
SET IDENTITY_INSERT [Servicio] OFF;
SET NOCOUNT ON;
SET IDENTITY_INSERT [Viaje] ON; 
INSERT INTO [Viaje] ([idViaje],[idServicio], [fechaViaje], [horasTotalesViaje], [horaRealLlegada], [horaRealSalida],[kilometrosRecorridoReal],[finalizado]) VALUES (1, 1, '2024-01-05', 8.50, '10:30:00', '02:00:00',25,1);
INSERT INTO [Viaje] ([idViaje],[idServicio], [fechaViaje], [horasTotalesViaje], [horaRealLlegada], [horaRealSalida],[kilometrosRecorridoReal],[finalizado]) VALUES (2, 2, '2024-02-10', 6.00, '14:00:00', '08:00:00',35,1);
INSERT INTO [Viaje] ([idViaje],[idServicio], [fechaViaje], [horasTotalesViaje], [horaRealLlegada], [horaRealSalida],[kilometrosRecorridoReal],[finalizado]) VALUES (3, 3, '2024-03-15', 5.75, '12:30:00', '06:45:00',45,1);
INSERT INTO [Viaje] ([idViaje],[idServicio], [fechaViaje], [horasTotalesViaje], [horaRealLlegada], [horaRealSalida],[kilometrosRecorridoReal],[finalizado]) VALUES (4, 4, '2024-04-20', 7.25, '16:00:00', '08:30:00',15,1);
INSERT INTO [Viaje] ([idViaje],[idServicio], [fechaViaje], [horasTotalesViaje], [horaRealLlegada], [horaRealSalida],[kilometrosRecorridoReal],[finalizado]) VALUES (5, 5, '2024-05-25', 9.00, '18:15:00', '09:15:00',5 ,1);
INSERT INTO [Viaje] ([idViaje],[idServicio], [fechaViaje], [horasTotalesViaje], [horaRealLlegada], [horaRealSalida],[kilometrosRecorridoReal],[finalizado]) VALUES (6, 6, '2024-06-30', 4.50, '12:00:00', '07:30:00',21,1);
INSERT INTO [Viaje] ([idViaje],[idServicio], [fechaViaje], [horasTotalesViaje], [horaRealLlegada], [horaRealSalida],[kilometrosRecorridoReal],[finalizado]) VALUES (7, 7, '2024-07-15', 11.00, '22:00:00','11:00:00',22,1);
INSERT INTO [Viaje] ([idViaje],[idServicio], [fechaViaje], [horasTotalesViaje], [horaRealLlegada], [horaRealSalida],[kilometrosRecorridoReal],[finalizado]) VALUES (8, 8, '2024-08-10', 10.25, '21:30:00','11:15:00',23,1);
INSERT INTO [Viaje] ([idViaje],[idServicio], [fechaViaje], [horasTotalesViaje], [horaRealLlegada], [horaRealSalida],[kilometrosRecorridoReal],[finalizado]) VALUES (9, 9, '2024-09-05', 3.50, '10:00:00', '06:30:00',24,1);
INSERT INTO [Viaje] ([idViaje],[idServicio], [fechaViaje], [horasTotalesViaje], [horaRealLlegada], [horaRealSalida],[kilometrosRecorridoReal],[finalizado]) VALUES (10,10, '2024-09-15', 2.75, '09:00:00','06:15:00',25,1);
INSERT INTO [Viaje] ([idViaje],[idServicio], [fechaViaje], [horasTotalesViaje], [horaRealLlegada], [horaRealSalida],[kilometrosRecorridoReal],[finalizado]) VALUES (11,11, '2024-09-20', 8.00, '18:00:00','10:00:00',26,1);
INSERT INTO [Viaje] ([idViaje],[idServicio], [fechaViaje], [horasTotalesViaje], [horaRealLlegada], [horaRealSalida],[kilometrosRecorridoReal],[finalizado]) VALUES (12,12, '2024-09-25', 4.00, '12:30:00','08:30:00',27,1);
INSERT INTO [Viaje] ([idViaje],[idServicio], [fechaViaje], [horasTotalesViaje], [horaRealLlegada], [horaRealSalida],[kilometrosRecorridoReal],[finalizado]) VALUES (13,13, '2024-09-30', 7.50, '20:00:00','12:30:00',28,1);
INSERT INTO [Viaje] ([idViaje],[idServicio], [fechaViaje], [horasTotalesViaje], [horaRealLlegada], [horaRealSalida],[kilometrosRecorridoReal],[finalizado]) VALUES (14,14, '2024-10-05', 5.00, '14:00:00','09:00:00',45,1);
INSERT INTO [Viaje] ([idViaje],[idServicio], [fechaViaje], [horasTotalesViaje], [horaRealLlegada], [horaRealSalida],[kilometrosRecorridoReal],[finalizado]) VALUES (15,15, '2024-10-10', 9.50, '22:00:00','12:30:00',45,1);
INSERT INTO [Viaje] ([idViaje],[idServicio], [fechaViaje], [horasTotalesViaje], [horaRealLlegada], [horaRealSalida],[kilometrosRecorridoReal],[finalizado]) VALUES (16,16, '2024-10-15', 1.50, '08:00:00','06:30:00',85,1);
INSERT INTO [Viaje] ([idViaje],[idServicio], [fechaViaje], [horasTotalesViaje], [horaRealLlegada], [horaRealSalida],[kilometrosRecorridoReal],[finalizado]) VALUES (17,17, '2024-10-20', 3.00, '11:00:00','08:00:00',85,1);
INSERT INTO [Viaje] ([idViaje],[idServicio], [fechaViaje], [horasTotalesViaje], [horaRealLlegada], [horaRealSalida],[kilometrosRecorridoReal],[finalizado]) VALUES (18,18, '2024-10-25', 6.50, '16:30:00','10:00:00',22,1);
INSERT INTO [Viaje] ([idViaje],[idServicio], [fechaViaje], [horasTotalesViaje], [horaRealLlegada], [horaRealSalida],[kilometrosRecorridoReal],[finalizado]) VALUES (19,19, '2024-10-30', 2.00, '09:30:00','07:30:00',22,1);
INSERT INTO [Viaje] ([idViaje],[idServicio], [fechaViaje], [horasTotalesViaje], [horaRealLlegada], [horaRealSalida],[kilometrosRecorridoReal],[finalizado]) VALUES (20,20, '2024-11-05', 4.25, '12:00:00','07:30:00',15,1);
SET IDENTITY_INSERT [Viaje] OFF;
SET NOCOUNT ON;
SET IDENTITY_INSERT [Boleto] ON; 

INSERT INTO [Boleto] ([idBoleto], [idTurista], [fechaEmision],[codigoBoleto]) VALUES (1, 1,  '2024-01-05 12:45:30.000', 'X012-3400567' );
INSERT INTO [Boleto] ([idBoleto], [idTurista], [fechaEmision],[codigoBoleto]) VALUES (2, 1,  '2024-02-10 12:45:30.000', 'X022-3400567' );
INSERT INTO [Boleto] ([idBoleto], [idTurista], [fechaEmision],[codigoBoleto]) VALUES (3, 2,  '2024-03-15 12:45:30.000', 'X052-3400567' );
INSERT INTO [Boleto] ([idBoleto], [idTurista], [fechaEmision],[codigoBoleto]) VALUES (4, 2,  '2024-04-20 12:45:30.000', 'X056-3400567' );
INSERT INTO [Boleto] ([idBoleto], [idTurista], [fechaEmision],[codigoBoleto]) VALUES (5, 3,  '2024-05-25 12:45:30.000', 'X072-3400567' );
INSERT INTO [Boleto] ([idBoleto], [idTurista], [fechaEmision],[codigoBoleto]) VALUES (6, 3,  '2024-06-30 12:45:30.000', 'X082-3400567' );
INSERT INTO [Boleto] ([idBoleto], [idTurista], [fechaEmision],[codigoBoleto]) VALUES (7, 4,  '2024-07-15 12:45:30.000', 'X092-3400567' );
INSERT INTO [Boleto] ([idBoleto], [idTurista], [fechaEmision],[codigoBoleto]) VALUES (8, 4,  '2024-08-10 12:45:30.000', 'X012-3434567' );
INSERT INTO [Boleto] ([idBoleto], [idTurista], [fechaEmision],[codigoBoleto]) VALUES (9, 5,  '2024-09-05 12:45:30.000', 'X657-3444567' );
INSERT INTO [Boleto] ([idBoleto], [idTurista], [fechaEmision],[codigoBoleto]) VALUES (10,5,  '2024-09-15 12:45:30.000','X012-3404567' );
INSERT INTO [Boleto] ([idBoleto], [idTurista], [fechaEmision],[codigoBoleto]) VALUES (11,6,  '2024-09-20 12:45:30.000','X657-3404567' );
INSERT INTO [Boleto] ([idBoleto], [idTurista], [fechaEmision],[codigoBoleto]) VALUES (12,7,  '2024-09-25 12:45:30.000','X012-3467567' );
INSERT INTO [Boleto] ([idBoleto], [idTurista], [fechaEmision],[codigoBoleto]) VALUES (13,7,  '2024-09-30 12:45:30.000','X012-3487867' );
INSERT INTO [Boleto] ([idBoleto], [idTurista], [fechaEmision],[codigoBoleto]) VALUES (14,8,  '2024-10-05 12:45:30.000','X072-3487867' );
INSERT INTO [Boleto] ([idBoleto], [idTurista], [fechaEmision],[codigoBoleto]) VALUES (15,9,  '2024-10-10 12:45:30.000','X765-3488877' );
INSERT INTO [Boleto] ([idBoleto], [idTurista], [fechaEmision],[codigoBoleto]) VALUES (16,9,  '2024-10-15 12:45:30.000','X067-3488567' );
INSERT INTO [Boleto] ([idBoleto], [idTurista], [fechaEmision],[codigoBoleto]) VALUES (17,10, '2024-10-20 12:45:30.000','X012-3498987' );
INSERT INTO [Boleto] ([idBoleto], [idTurista], [fechaEmision],[codigoBoleto]) VALUES (18,10, '2024-10-25 12:45:30.000','X762-3498987' );
INSERT INTO [Boleto] ([idBoleto], [idTurista], [fechaEmision],[codigoBoleto]) VALUES (19,11, '2024-10-30 12:45:30.000','X045-3403547' );
INSERT INTO [Boleto] ([idBoleto], [idTurista], [fechaEmision],[codigoBoleto]) VALUES (20,12, '2024-11-05 12:45:30.000','X012-3434567' );
INSERT INTO [Boleto] ([idBoleto], [idTurista], [fechaEmision],[codigoBoleto]) VALUES (21,12, '2024-09-20 12:45:30.000','X012-3435367' );
INSERT INTO [Boleto] ([idBoleto], [idTurista], [fechaEmision],[codigoBoleto]) VALUES (22,13, '2024-09-25 12:45:30.000','X453-3554567' );
INSERT INTO [Boleto] ([idBoleto], [idTurista], [fechaEmision],[codigoBoleto]) VALUES (23,14, '2024-09-30 12:45:30.000','X012-3543567' );
INSERT INTO [Boleto] ([idBoleto], [idTurista], [fechaEmision],[codigoBoleto]) VALUES (24,15, '2024-10-05 12:45:30.000','X042-3545467' );
INSERT INTO [Boleto] ([idBoleto], [idTurista], [fechaEmision],[codigoBoleto]) VALUES (25,16, '2024-10-10 12:45:30.000','X452-3545567' );
INSERT INTO [Boleto] ([idBoleto], [idTurista], [fechaEmision],[codigoBoleto]) VALUES (26,17, '2024-10-15 12:45:30.000','X045-3435435' );
INSERT INTO [Boleto] ([idBoleto], [idTurista], [fechaEmision],[codigoBoleto]) VALUES (27,18, '2024-10-20 12:45:30.000','X435-3434537' );
INSERT INTO [Boleto] ([idBoleto], [idTurista], [fechaEmision],[codigoBoleto]) VALUES (28,19, '2024-10-25 12:45:30.000','X432-3476867' );
INSERT INTO [Boleto] ([idBoleto], [idTurista], [fechaEmision],[codigoBoleto]) VALUES (29,20, '2024-10-30 12:45:30.000','X452-3487687' );

SET IDENTITY_INSERT [Boleto] OFF;
SET NOCOUNT ON;
SET IDENTITY_INSERT [Compra] ON; 
INSERT INTO [dbo].[Compra] ([idCompra],[idViaje], [idBoleto], [costoTransporte], [costoActividadTuristica], [incluyeTransporte], [incluyeActividadTuristica], [fechaCompra]) VALUES (1, 1, 1, 150.50, 200.00, 1, 1, '2024-01-15 12:45:30.000');                                                                                                  
INSERT INTO [dbo].[Compra] ([idCompra],[idViaje], [idBoleto], [costoTransporte], [costoActividadTuristica], [incluyeTransporte], [incluyeActividadTuristica], [fechaCompra]) VALUES (2, 2, 2, 0, 100.00, 0, 1, '2024-02-10 08:12:14.000');                                                                                                       
INSERT INTO [dbo].[Compra] ([idCompra],[idViaje], [idBoleto], [costoTransporte], [costoActividadTuristica], [incluyeTransporte], [incluyeActividadTuristica], [fechaCompra]) VALUES (3, 3, 3, 50.75, 0, 1, 0, '2024-03-22 10:33:19.000');                                                                                                        
INSERT INTO [dbo].[Compra] ([idCompra],[idViaje], [idBoleto], [costoTransporte], [costoActividadTuristica], [incluyeTransporte], [incluyeActividadTuristica], [fechaCompra]) VALUES (4, 4, 4, 200.00, 0, 1, 0, '2024-04-05 09:27:45.000');                                                                                                       
INSERT INTO [dbo].[Compra] ([idCompra],[idViaje], [idBoleto], [costoTransporte], [costoActividadTuristica], [incluyeTransporte], [incluyeActividadTuristica], [fechaCompra]) VALUES (5, 5, 5, 100.25, 300.00, 1, 1, '2024-05-17 15:40:21.000');                                                                                                  
INSERT INTO [dbo].[Compra] ([idCompra],[idViaje], [idBoleto], [costoTransporte], [costoActividadTuristica], [incluyeTransporte], [incluyeActividadTuristica], [fechaCompra]) VALUES (6, 6, 6, 0, 250.75, 0, 1, '2024-06-11 17:55:12.000');                                                                                                       
INSERT INTO [dbo].[Compra] ([idCompra],[idViaje], [idBoleto], [costoTransporte], [costoActividadTuristica], [incluyeTransporte], [incluyeActividadTuristica], [fechaCompra]) VALUES (7, 7, 7, 75.00, 400.00, 1, 1, '2024-07-08 07:30:50.000');                                                                                                   
INSERT INTO [dbo].[Compra] ([idCompra],[idViaje], [idBoleto], [costoTransporte], [costoActividadTuristica], [incluyeTransporte], [incluyeActividadTuristica], [fechaCompra]) VALUES (8, 8, 8, 0, 0, 0, 0, '2024-08-02 13:25:45.000');                                                                                                            
INSERT INTO [dbo].[Compra] ([idCompra],[idViaje], [idBoleto], [costoTransporte], [costoActividadTuristica], [incluyeTransporte], [incluyeActividadTuristica], [fechaCompra]) VALUES (9, 9, 9, 150.00, 500.00, 1, 1, '2024-08-28 11:50:05.000');                                                                                                  
INSERT INTO [dbo].[Compra] ([idCompra],[idViaje], [idBoleto], [costoTransporte], [costoActividadTuristica], [incluyeTransporte], [incluyeActividadTuristica], [fechaCompra]) VALUES (10,10, 10, 100.00, 350.25, 1, 1, '2024-09-01 16:12:34.000');                                                                                                
INSERT INTO [dbo].[Compra] ([idCompra],[idViaje], [idBoleto], [costoTransporte], [costoActividadTuristica], [incluyeTransporte], [incluyeActividadTuristica], [fechaCompra]) VALUES (11,11, 11, 0, 600.00, 0, 1, '2024-01-25 19:45:18.000');                                                                                                     
INSERT INTO [dbo].[Compra] ([idCompra],[idViaje], [idBoleto], [costoTransporte], [costoActividadTuristica], [incluyeTransporte], [incluyeActividadTuristica], [fechaCompra]) VALUES (12,12, 12, 25.00, 450.00, 1, 1, '2024-02-18 10:20:56.000');                                                                                                 
INSERT INTO [dbo].[Compra] ([idCompra],[idViaje], [idBoleto], [costoTransporte], [costoActividadTuristica], [incluyeTransporte], [incluyeActividadTuristica], [fechaCompra]) VALUES (13,13, 13, 0, 500.00, 0, 1, '2024-03-14 08:50:30.000');                                                                                                     
INSERT INTO [dbo].[Compra] ([idCompra],[idViaje], [idBoleto], [costoTransporte], [costoActividadTuristica], [incluyeTransporte], [incluyeActividadTuristica], [fechaCompra]) VALUES (14,14, 14, 125.00, 150.00, 1, 1, '2024-04-12 14:05:12.000');                                                                                                
INSERT INTO [dbo].[Compra] ([idCompra],[idViaje], [idBoleto], [costoTransporte], [costoActividadTuristica], [incluyeTransporte], [incluyeActividadTuristica], [fechaCompra]) VALUES (15,15, 15, 175.00, 100.00, 1, 1, '2024-05-03 09:17:34.000');                                                                                                
INSERT INTO [dbo].[Compra] ([idCompra],[idViaje], [idBoleto], [costoTransporte], [costoActividadTuristica], [incluyeTransporte], [incluyeActividadTuristica], [fechaCompra]) VALUES (16,16, 16, 50.00, 300.00, 1, 1, '2024-06-15 18:45:20.000');                                                                                                 
INSERT INTO [dbo].[Compra] ([idCompra],[idViaje], [idBoleto], [costoTransporte], [costoActividadTuristica], [incluyeTransporte], [incluyeActividadTuristica], [fechaCompra]) VALUES (17,17, 17, 0, 200.00, 0, 1, '2024-07-19 10:35:47.000');                                                                                                     
INSERT INTO [dbo].[Compra] ([idCompra],[idViaje], [idBoleto], [costoTransporte], [costoActividadTuristica], [incluyeTransporte], [incluyeActividadTuristica], [fechaCompra]) VALUES (18,18, 18, 60.00, 450.00, 1, 1, '2024-08-25 14:55:08.000');                                                                                                 
INSERT INTO [dbo].[Compra] ([idCompra],[idViaje], [idBoleto], [costoTransporte], [costoActividadTuristica], [incluyeTransporte], [incluyeActividadTuristica], [fechaCompra]) VALUES (19,19, 19, 0, 600.00, 0, 1, '2024-09-12 20:30:05.000');                                                                                                     
INSERT INTO [dbo].[Compra] ([idCompra],[idViaje], [idBoleto], [costoTransporte], [costoActividadTuristica], [incluyeTransporte], [incluyeActividadTuristica], [fechaCompra]) VALUES (20,20, 20, 180.50, 0, 1, 0, '2024-09-25 09:12:15.000');
SET IDENTITY_INSERT [Compra] OFF;
                                                                               
GO
